{
    "$schema": "https://schema.management.azure.com/schemas/2015-01-01/deploymentParameters.json#",
    "contentVersion": "1.0.0.0",
    "parameters": {
        "accounts_iotdls549e1827_type": {
            "value": null
        },
        "IotHubs_iothub549e1827_connectionString": {
            "value": null
        },
        "IotHubs_iothub549e1827_containerName": {
            "value": null
        },
        "sites_iotfunc549e1827_name": {
            "value": null
        },
        "IotHubs_iothub549e1827_name": {
            "value": null
        },
        "serverfarms_NorthEuropePlan_name": {
            "value": null
        },
        "accounts_iotdls549e1827_name": {
            "value": null
        },
        "storageAccounts_iotstore549e1827_name": {
            "value": null
        },
        "accounts_iotdla549e1827_name": {
            "value": null
        },
        "streamingjobs_iotasa549e1827_name": {
            "value": null
        }
    }
}